{
  "trial_id": "08",
  "hyperparameters": {
    "units": 416,
    "learning_rate": 0.0005570209504908154
  },
  "score": 0.8700000047683716
}