{
  "trial_id": "01",
  "hyperparameters": {
    "units": 224,
    "learning_rate": 0.0004230507459568269
  },
  "score": 0.8399999737739563
}