{
  "trial_id": "04",
  "hyperparameters": {
    "units": 128,
    "learning_rate": 0.0032414632197183516
  },
  "score": 0.8799999952316284
}