{
  "trial_id": "00",
  "hyperparameters": {
    "units": 32,
    "learning_rate": 0.00026384087338560336
  },
  "score": 0.5899999737739563
}